Date,Day,Month,Year
2025/01/01,1,January,2025
2025/01/02,2,January,2025
2025/01/03,3,January,2025
2025/01/04,4,January,2025
2025/01/05,5,January,2025
2025/01/06,6,January,2025
2025/01/07,7,January,2025
2025/01/08,8,January,2025
2025/01/09,9,January,2025
2025/01/10,10,January,2025
2025/01/11,11,January,2025
2025/01/12,12,January,2025
2025/01/13,13,January,2025
2025/01/14,14,January,2025
2025/01/15,15,January,2025
2025/01/16,16,January,2025
2025/01/17,17,January,2025
2025/01/18,18,January,2025
2025/01/19,19,January,2025
2025/01/20,20,January,2025
2025/01/21,21,January,2025
2025/01/22,22,January,2025
2025/01/23,23,January,2025
2025/01/24,24,January,2025
2025/01/25,25,January,2025
2025/01/26,26,January,2025
2025/01/27,27,January,2025
2025/01/28,28,January,2025
2025/01/29,29,January,2025
2025/01/30,30,January,2025
2025/01/31,31,January,2025
2025/02/01,1,February,2025
2025/02/02,2,February,2025
2025/02/03,3,February,2025
2025/02/04,4,February,2025
2025/02/05,5,February,2025
2025/02/06,6,February,2025
2025/02/07,7,February,2025
2025/02/08,8,February,2025
2025/02/09,9,February,2025
2025/02/10,10,February,2025
2025/02/11,11,February,2025
2025/02/12,12,February,2025
2025/02/13,13,February,2025
2025/02/14,14,February,2025
2025/02/15,15,February,2025
2025/02/16,16,February,2025
2025/02/17,17,February,2025
2025/02/18,18,February,2025
2025/02/19,19,February,2025
2025/02/20,20,February,2025
2025/02/21,21,February,2025
2025/02/22,22,February,2025
2025/02/23,23,February,2025
2025/02/24,24,February,2025
2025/02/25,25,February,2025
2025/02/26,26,February,2025
2025/02/27,27,February,2025
2025/02/28,28,February,2025
2025/03/01,1,March,2025
2025/03/02,2,March,2025
2025/03/03,3,March,2025
2025/03/04,4,March,2025
2025/03/05,5,March,2025
2025/03/06,6,March,2025
2025/03/07,7,March,2025
2025/03/08,8,March,2025
2025/03/09,9,March,2025
2025/03/10,10,March,2025
2025/03/11,11,March,2025
2025/03/12,12,March,2025
2025/03/13,13,March,2025
2025/03/14,14,March,2025
2025/03/15,15,March,2025
2025/03/16,16,March,2025
2025/03/17,17,March,2025
2025/03/18,18,March,2025
2025/03/19,19,March,2025
2025/03/20,20,March,2025
2025/03/21,21,March,2025
2025/03/22,22,March,2025
2025/03/23,23,March,2025
2025/03/24,24,March,2025
2025/03/25,25,March,2025
2025/03/26,26,March,2025
2025/03/27,27,March,2025
2025/03/28,28,March,2025
2025/03/29,29,March,2025
2025/03/30,30,March,2025
2025/03/31,31,March,2025
2025/04/01,1,April,2025
2025/04/02,2,April,2025
2025/04/03,3,April,2025
2025/04/04,4,April,2025
2025/04/05,5,April,2025
2025/04/06,6,April,2025
2025/04/07,7,April,2025
2025/04/08,8,April,2025
2025/04/09,9,April,2025
2025/04/10,10,April,2025
2025/04/11,11,April,2025
2025/04/12,12,April,2025
2025/04/13,13,April,2025
2025/04/14,14,April,2025
2025/04/15,15,April,2025
2025/04/16,16,April,2025
2025/04/17,17,April,2025
2025/04/18,18,April,2025
2025/04/19,19,April,2025
2025/04/20,20,April,2025
2025/04/21,21,April,2025
2025/04/22,22,April,2025
2025/04/23,23,April,2025
2025/04/24,24,April,2025
2025/04/25,25,April,2025
2025/04/26,26,April,2025
2025/04/27,27,April,2025
2025/04/28,28,April,2025
2025/04/29,29,April,2025
2025/04/30,30,April,2025
2025/05/01,1,May,2025
2025/05/02,2,May,2025
2025/05/03,3,May,2025
2025/05/04,4,May,2025
2025/05/05,5,May,2025
2025/05/06,6,May,2025
2025/05/07,7,May,2025
2025/05/08,8,May,2025
2025/05/09,9,May,2025
2025/05/10,10,May,2025
2025/05/11,11,May,2025
2025/05/12,12,May,2025
2025/05/13,13,May,2025
2025/05/14,14,May,2025
2025/05/15,15,May,2025
2025/05/16,16,May,2025
2025/05/17,17,May,2025
2025/05/18,18,May,2025
2025/05/19,19,May,2025
2025/05/20,20,May,2025
2025/05/21,21,May,2025
2025/05/22,22,May,2025
2025/05/23,23,May,2025
2025/05/24,24,May,2025
2025/05/25,25,May,2025
2025/05/26,26,May,2025
2025/05/27,27,May,2025
2025/05/28,28,May,2025
2025/05/29,29,May,2025
2025/05/30,30,May,2025
2025/05/31,31,May,2025
2025/06/01,1,June,2025
2025/06/02,2,June,2025
2025/06/03,3,June,2025
2025/06/04,4,June,2025
2025/06/05,5,June,2025
2025/06/06,6,June,2025
2025/06/07,7,June,2025
2025/06/08,8,June,2025
2025/06/09,9,June,2025
2025/06/10,10,June,2025
2025/06/11,11,June,2025
2025/06/12,12,June,2025
2025/06/13,13,June,2025
2025/06/14,14,June,2025
2025/06/15,15,June,2025
2025/06/16,16,June,2025
2025/06/17,17,June,2025
2025/06/18,18,June,2025
2025/06/19,19,June,2025
2025/06/20,20,June,2025
2025/06/21,21,June,2025
2025/06/22,22,June,2025
2025/06/23,23,June,2025
2025/06/24,24,June,2025
2025/06/25,25,June,2025
2025/06/26,26,June,2025
2025/06/27,27,June,2025
2025/06/28,28,June,2025
2025/06/29,29,June,2025
2025/06/30,30,June,2025
2025/07/01,1,July,2025
2025/07/02,2,July,2025
2025/07/03,3,July,2025
2025/07/04,4,July,2025
2025/07/05,5,July,2025
2025/07/06,6,July,2025
2025/07/07,7,July,2025
2025/07/08,8,July,2025
2025/07/09,9,July,2025
2025/07/10,10,July,2025
2025/07/11,11,July,2025
2025/07/12,12,July,2025
2025/07/13,13,July,2025
2025/07/14,14,July,2025
2025/07/15,15,July,2025
2025/07/16,16,July,2025
2025/07/17,17,July,2025
2025/07/18,18,July,2025
2025/07/19,19,July,2025
2025/07/20,20,July,2025
2025/07/21,21,July,2025
2025/07/22,22,July,2025
2025/07/23,23,July,2025
2025/07/24,24,July,2025
2025/07/25,25,July,2025
2025/07/26,26,July,2025
2025/07/27,27,July,2025
2025/07/28,28,July,2025
2025/07/29,29,July,2025
2025/07/30,30,July,2025
2025/07/31,31,July,2025
2025/08/01,1,August,2025
2025/08/02,2,August,2025
2025/08/03,3,August,2025
2025/08/04,4,August,2025
2025/08/05,5,August,2025
2025/08/06,6,August,2025
2025/08/07,7,August,2025
2025/08/08,8,August,2025
2025/08/09,9,August,2025
2025/08/10,10,August,2025
2025/08/11,11,August,2025
2025/08/12,12,August,2025
2025/08/13,13,August,2025
2025/08/14,14,August,2025
2025/08/15,15,August,2025
2025/08/16,16,August,2025
2025/08/17,17,August,2025
2025/08/18,18,August,2025
2025/08/19,19,August,2025
2025/08/20,20,August,2025
2025/08/21,21,August,2025
2025/08/22,22,August,2025
2025/08/23,23,August,2025
2025/08/24,24,August,2025
2025/08/25,25,August,2025
2025/08/26,26,August,2025
2025/08/27,27,August,2025
2025/08/28,28,August,2025
2025/08/29,29,August,2025
2025/08/30,30,August,2025
2025/08/31,31,August,2025
2025/09/01,1,September,2025
2025/09/02,2,September,2025
2025/09/03,3,September,2025
2025/09/04,4,September,2025
2025/09/05,5,September,2025
2025/09/06,6,September,2025
2025/09/07,7,September,2025
2025/09/08,8,September,2025
2025/09/09,9,September,2025
2025/09/10,10,September,2025
2025/09/11,11,September,2025
2025/09/12,12,September,2025
2025/09/13,13,September,2025
2025/09/14,14,September,2025
2025/09/15,15,September,2025
2025/09/16,16,September,2025
2025/09/17,17,September,2025
2025/09/18,18,September,2025
2025/09/19,19,September,2025
2025/09/20,20,September,2025
2025/09/21,21,September,2025
2025/09/22,22,September,2025
2025/09/23,23,September,2025
2025/09/24,24,September,2025
2025/09/25,25,September,2025
2025/09/26,26,September,2025
2025/09/27,27,September,2025
2025/09/28,28,September,2025
2025/09/29,29,September,2025
2025/09/30,30,September,2025
2025/10/01,1,October,2025
2025/10/02,2,October,2025
2025/10/03,3,October,2025
2025/10/04,4,October,2025
2025/10/05,5,October,2025
2025/10/06,6,October,2025
2025/10/07,7,October,2025
2025/10/08,8,October,2025
2025/10/09,9,October,2025
2025/10/10,10,October,2025
2025/10/11,11,October,2025
2025/10/12,12,October,2025
2025/10/13,13,October,2025
2025/10/14,14,October,2025
2025/10/15,15,October,2025
2025/10/16,16,October,2025
2025/10/17,17,October,2025
2025/10/18,18,October,2025
2025/10/19,19,October,2025
2025/10/20,20,October,2025
2025/10/21,21,October,2025
2025/10/22,22,October,2025
2025/10/23,23,October,2025
2025/10/24,24,October,2025
2025/10/25,25,October,2025
2025/10/26,26,October,2025
2025/10/27,27,October,2025
2025/10/28,28,October,2025
2025/10/29,29,October,2025
2025/10/30,30,October,2025
2025/10/31,31,October,2025
2025/11/01,1,November,2025
2025/11/02,2,November,2025
2025/11/03,3,November,2025
2025/11/04,4,November,2025
2025/11/05,5,November,2025
2025/11/06,6,November,2025
2025/11/07,7,November,2025
2025/11/08,8,November,2025
2025/11/09,9,November,2025
2025/11/10,10,November,2025
2025/11/11,11,November,2025
2025/11/12,12,November,2025
2025/11/13,13,November,2025
2025/11/14,14,November,2025
2025/11/15,15,November,2025
2025/11/16,16,November,2025
2025/11/17,17,November,2025
2025/11/18,18,November,2025
2025/11/19,19,November,2025
2025/11/20,20,November,2025
2025/11/21,21,November,2025
2025/11/22,22,November,2025
2025/11/23,23,November,2025
2025/11/24,24,November,2025
2025/11/25,25,November,2025
2025/11/26,26,November,2025
2025/11/27,27,November,2025
2025/11/28,28,November,2025
2025/11/29,29,November,2025
2025/11/30,30,November,2025
2025/12/01,1,December,2025
2025/12/02,2,December,2025
2025/12/03,3,December,2025
2025/12/04,4,December,2025
2025/12/05,5,December,2025
2025/12/06,6,December,2025
2025/12/07,7,December,2025
2025/12/08,8,December,2025
2025/12/09,9,December,2025
2025/12/10,10,December,2025
2025/12/11,11,December,2025
2025/12/12,12,December,2025
2025/12/13,13,December,2025
2025/12/14,14,December,2025
2025/12/15,15,December,2025
2025/12/16,16,December,2025
2025/12/17,17,December,2025
2025/12/18,18,December,2025
2025/12/19,19,December,2025
2025/12/20,20,December,2025
2025/12/21,21,December,2025
2025/12/22,22,December,2025
2025/12/23,23,December,2025
2025/12/24,24,December,2025
2025/12/25,25,December,2025
2025/12/26,26,December,2025
2025/12/27,27,December,2025
2025/12/28,28,December,2025
2025/12/29,29,December,2025
2025/12/30,30,December,2025
2025/12/31,31,December,2025
2026/01/01,1,January,2026
2026/01/02,2,January,2026
2026/01/03,3,January,2026
2026/01/04,4,January,2026
2026/01/05,5,January,2026
2026/01/06,6,January,2026
2026/01/07,7,January,2026
2026/01/08,8,January,2026
2026/01/09,9,January,2026
2026/01/10,10,January,2026
2026/01/11,11,January,2026
2026/01/12,12,January,2026
2026/01/13,13,January,2026
2026/01/14,14,January,2026
2026/01/15,15,January,2026
2026/01/16,16,January,2026
2026/01/17,17,January,2026
2026/01/18,18,January,2026
2026/01/19,19,January,2026
2026/01/20,20,January,2026
2026/01/21,21,January,2026
2026/01/22,22,January,2026
2026/01/23,23,January,2026
2026/01/24,24,January,2026
2026/01/25,25,January,2026
2026/01/26,26,January,2026
2026/01/27,27,January,2026
2026/01/28,28,January,2026
2026/01/29,29,January,2026
2026/01/30,30,January,2026
2026/01/31,31,January,2026
2026/02/01,1,February,2026
2026/02/02,2,February,2026
2026/02/03,3,February,2026
2026/02/04,4,February,2026
2026/02/05,5,February,2026
2026/02/06,6,February,2026
2026/02/07,7,February,2026
2026/02/08,8,February,2026
2026/02/09,9,February,2026
2026/02/10,10,February,2026
2026/02/11,11,February,2026
2026/02/12,12,February,2026
2026/02/13,13,February,2026
2026/02/14,14,February,2026
2026/02/15,15,February,2026
2026/02/16,16,February,2026
2026/02/17,17,February,2026
2026/02/18,18,February,2026
2026/02/19,19,February,2026
2026/02/20,20,February,2026
2026/02/21,21,February,2026
2026/02/22,22,February,2026
2026/02/23,23,February,2026
2026/02/24,24,February,2026
2026/02/25,25,February,2026
2026/02/26,26,February,2026
2026/02/27,27,February,2026
2026/02/28,28,February,2026
2026/03/01,1,March,2026
2026/03/02,2,March,2026
2026/03/03,3,March,2026
2026/03/04,4,March,2026
2026/03/05,5,March,2026
2026/03/06,6,March,2026
2026/03/07,7,March,2026
2026/03/08,8,March,2026
2026/03/09,9,March,2026
2026/03/10,10,March,2026
2026/03/11,11,March,2026
2026/03/12,12,March,2026
2026/03/13,13,March,2026
2026/03/14,14,March,2026
2026/03/15,15,March,2026
2026/03/16,16,March,2026
2026/03/17,17,March,2026
2026/03/18,18,March,2026
2026/03/19,19,March,2026
2026/03/20,20,March,2026
2026/03/21,21,March,2026
2026/03/22,22,March,2026
2026/03/23,23,March,2026
2026/03/24,24,March,2026
2026/03/25,25,March,2026
2026/03/26,26,March,2026
2026/03/27,27,March,2026
2026/03/28,28,March,2026
2026/03/29,29,March,2026
2026/03/30,30,March,2026
2026/03/31,31,March,2026
2026/04/01,1,April,2026
2026/04/02,2,April,2026
2026/04/03,3,April,2026
2026/04/04,4,April,2026
2026/04/05,5,April,2026
2026/04/06,6,April,2026
2026/04/07,7,April,2026
2026/04/08,8,April,2026
2026/04/09,9,April,2026
2026/04/10,10,April,2026
2026/04/11,11,April,2026
2026/04/12,12,April,2026
2026/04/13,13,April,2026
2026/04/14,14,April,2026
2026/04/15,15,April,2026
2026/04/16,16,April,2026
2026/04/17,17,April,2026
2026/04/18,18,April,2026
2026/04/19,19,April,2026
2026/04/20,20,April,2026
2026/04/21,21,April,2026
2026/04/22,22,April,2026
2026/04/23,23,April,2026
2026/04/24,24,April,2026
2026/04/25,25,April,2026
2026/04/26,26,April,2026
2026/04/27,27,April,2026
2026/04/28,28,April,2026
2026/04/29,29,April,2026
2026/04/30,30,April,2026
2026/05/01,1,May,2026
2026/05/02,2,May,2026
2026/05/03,3,May,2026
2026/05/04,4,May,2026
2026/05/05,5,May,2026
2026/05/06,6,May,2026
2026/05/07,7,May,2026
2026/05/08,8,May,2026
2026/05/09,9,May,2026
2026/05/10,10,May,2026
2026/05/11,11,May,2026
2026/05/12,12,May,2026
2026/05/13,13,May,2026
2026/05/14,14,May,2026
2026/05/15,15,May,2026
2026/05/16,16,May,2026
2026/05/17,17,May,2026
2026/05/18,18,May,2026
2026/05/19,19,May,2026
2026/05/20,20,May,2026
2026/05/21,21,May,2026
2026/05/22,22,May,2026
2026/05/23,23,May,2026
2026/05/24,24,May,2026
2026/05/25,25,May,2026
2026/05/26,26,May,2026
2026/05/27,27,May,2026
2026/05/28,28,May,2026
2026/05/29,29,May,2026
2026/05/30,30,May,2026
2026/05/31,31,May,2026
2026/06/01,1,June,2026
2026/06/02,2,June,2026
2026/06/03,3,June,2026
2026/06/04,4,June,2026
2026/06/05,5,June,2026
2026/06/06,6,June,2026
2026/06/07,7,June,2026
2026/06/08,8,June,2026
2026/06/09,9,June,2026
2026/06/10,10,June,2026
2026/06/11,11,June,2026
2026/06/12,12,June,2026
2026/06/13,13,June,2026
2026/06/14,14,June,2026
2026/06/15,15,June,2026
2026/06/16,16,June,2026
2026/06/17,17,June,2026
2026/06/18,18,June,2026
2026/06/19,19,June,2026
2026/06/20,20,June,2026
2026/06/21,21,June,2026
2026/06/22,22,June,2026
2026/06/23,23,June,2026
2026/06/24,24,June,2026
2026/06/25,25,June,2026
2026/06/26,26,June,2026
2026/06/27,27,June,2026
2026/06/28,28,June,2026
2026/06/29,29,June,2026
2026/06/30,30,June,2026
2026/07/01,1,July,2026
2026/07/02,2,July,2026
2026/07/03,3,July,2026
2026/07/04,4,July,2026
2026/07/05,5,July,2026
2026/07/06,6,July,2026
2026/07/07,7,July,2026
2026/07/08,8,July,2026
2026/07/09,9,July,2026
2026/07/10,10,July,2026
2026/07/11,11,July,2026
2026/07/12,12,July,2026
2026/07/13,13,July,2026
2026/07/14,14,July,2026
2026/07/15,15,July,2026
2026/07/16,16,July,2026
2026/07/17,17,July,2026
2026/07/18,18,July,2026
2026/07/19,19,July,2026
2026/07/20,20,July,2026
2026/07/21,21,July,2026
2026/07/22,22,July,2026
2026/07/23,23,July,2026
2026/07/24,24,July,2026
2026/07/25,25,July,2026
2026/07/26,26,July,2026
2026/07/27,27,July,2026
2026/07/28,28,July,2026
2026/07/29,29,July,2026
2026/07/30,30,July,2026
2026/07/31,31,July,2026
2026/08/01,1,August,2026
2026/08/02,2,August,2026
2026/08/03,3,August,2026
2026/08/04,4,August,2026
2026/08/05,5,August,2026
2026/08/06,6,August,2026
2026/08/07,7,August,2026
2026/08/08,8,August,2026
2026/08/09,9,August,2026
2026/08/10,10,August,2026
2026/08/11,11,August,2026
2026/08/12,12,August,2026
2026/08/13,13,August,2026
2026/08/14,14,August,2026
2026/08/15,15,August,2026
2026/08/16,16,August,2026
2026/08/17,17,August,2026
2026/08/18,18,August,2026
2026/08/19,19,August,2026
2026/08/20,20,August,2026
2026/08/21,21,August,2026
2026/08/22,22,August,2026
2026/08/23,23,August,2026
2026/08/24,24,August,2026
2026/08/25,25,August,2026
2026/08/26,26,August,2026
2026/08/27,27,August,2026
2026/08/28,28,August,2026
2026/08/29,29,August,2026
2026/08/30,30,August,2026
2026/08/31,31,August,2026
2026/09/01,1,September,2026
2026/09/02,2,September,2026
2026/09/03,3,September,2026
2026/09/04,4,September,2026
2026/09/05,5,September,2026
2026/09/06,6,September,2026
2026/09/07,7,September,2026
2026/09/08,8,September,2026
2026/09/09,9,September,2026
2026/09/10,10,September,2026
2026/09/11,11,September,2026
2026/09/12,12,September,2026
2026/09/13,13,September,2026
2026/09/14,14,September,2026
2026/09/15,15,September,2026
2026/09/16,16,September,2026
2026/09/17,17,September,2026
2026/09/18,18,September,2026
2026/09/19,19,September,2026
2026/09/20,20,September,2026
2026/09/21,21,September,2026
2026/09/22,22,September,2026
2026/09/23,23,September,2026
2026/09/24,24,September,2026
2026/09/25,25,September,2026
2026/09/26,26,September,2026
2026/09/27,27,September,2026
2026/09/28,28,September,2026
2026/09/29,29,September,2026
2026/09/30,30,September,2026
2026/10/01,1,October,2026
2026/10/02,2,October,2026
2026/10/03,3,October,2026
2026/10/04,4,October,2026
2026/10/05,5,October,2026
2026/10/06,6,October,2026
2026/10/07,7,October,2026
2026/10/08,8,October,2026
2026/10/09,9,October,2026
2026/10/10,10,October,2026
2026/10/11,11,October,2026
2026/10/12,12,October,2026
2026/10/13,13,October,2026
2026/10/14,14,October,2026
2026/10/15,15,October,2026
2026/10/16,16,October,2026
2026/10/17,17,October,2026
2026/10/18,18,October,2026
2026/10/19,19,October,2026
2026/10/20,20,October,2026
2026/10/21,21,October,2026
2026/10/22,22,October,2026
2026/10/23,23,October,2026
2026/10/24,24,October,2026
2026/10/25,25,October,2026
2026/10/26,26,October,2026
2026/10/27,27,October,2026
2026/10/28,28,October,2026
2026/10/29,29,October,2026
2026/10/30,30,October,2026
2026/10/31,31,October,2026
2026/11/01,1,November,2026
2026/11/02,2,November,2026
2026/11/03,3,November,2026
2026/11/04,4,November,2026
2026/11/05,5,November,2026
2026/11/06,6,November,2026
2026/11/07,7,November,2026
2026/11/08,8,November,2026
2026/11/09,9,November,2026
2026/11/10,10,November,2026
2026/11/11,11,November,2026
2026/11/12,12,November,2026
2026/11/13,13,November,2026
2026/11/14,14,November,2026
2026/11/15,15,November,2026
2026/11/16,16,November,2026
2026/11/17,17,November,2026
2026/11/18,18,November,2026
2026/11/19,19,November,2026
2026/11/20,20,November,2026
2026/11/21,21,November,2026
2026/11/22,22,November,2026
2026/11/23,23,November,2026
2026/11/24,24,November,2026
2026/11/25,25,November,2026
2026/11/26,26,November,2026
2026/11/27,27,November,2026
2026/11/28,28,November,2026
2026/11/29,29,November,2026
2026/11/30,30,November,2026
2026/12/01,1,December,2026
2026/12/02,2,December,2026
2026/12/03,3,December,2026
2026/12/04,4,December,2026
2026/12/05,5,December,2026
2026/12/06,6,December,2026
2026/12/07,7,December,2026
2026/12/08,8,December,2026
2026/12/09,9,December,2026
2026/12/10,10,December,2026
2026/12/11,11,December,2026
2026/12/12,12,December,2026
2026/12/13,13,December,2026
2026/12/14,14,December,2026
2026/12/15,15,December,2026
2026/12/16,16,December,2026
2026/12/17,17,December,2026
2026/12/18,18,December,2026
2026/12/19,19,December,2026
2026/12/20,20,December,2026
2026/12/21,21,December,2026
2026/12/22,22,December,2026
2026/12/23,23,December,2026
2026/12/24,24,December,2026
2026/12/25,25,December,2026
2026/12/26,26,December,2026
2026/12/27,27,December,2026
2026/12/28,28,December,2026
2026/12/29,29,December,2026
2026/12/30,30,December,2026
2026/12/31,31,December,2026
2027/01/01,1,January,2027
2027/01/02,2,January,2027
2027/01/03,3,January,2027
2027/01/04,4,January,2027
2027/01/05,5,January,2027
2027/01/06,6,January,2027
2027/01/07,7,January,2027
2027/01/08,8,January,2027
2027/01/09,9,January,2027
2027/01/10,10,January,2027
2027/01/11,11,January,2027
2027/01/12,12,January,2027
2027/01/13,13,January,2027
2027/01/14,14,January,2027
2027/01/15,15,January,2027
2027/01/16,16,January,2027
2027/01/17,17,January,2027
2027/01/18,18,January,2027
2027/01/19,19,January,2027
2027/01/20,20,January,2027
2027/01/21,21,January,2027
2027/01/22,22,January,2027
2027/01/23,23,January,2027
2027/01/24,24,January,2027
2027/01/25,25,January,2027
2027/01/26,26,January,2027
2027/01/27,27,January,2027
2027/01/28,28,January,2027
2027/01/29,29,January,2027
2027/01/30,30,January,2027
2027/01/31,31,January,2027
2027/02/01,1,February,2027
2027/02/02,2,February,2027
2027/02/03,3,February,2027
2027/02/04,4,February,2027
2027/02/05,5,February,2027
2027/02/06,6,February,2027
2027/02/07,7,February,2027
2027/02/08,8,February,2027
2027/02/09,9,February,2027
2027/02/10,10,February,2027
2027/02/11,11,February,2027
2027/02/12,12,February,2027
2027/02/13,13,February,2027
2027/02/14,14,February,2027
2027/02/15,15,February,2027
2027/02/16,16,February,2027
2027/02/17,17,February,2027
2027/02/18,18,February,2027
2027/02/19,19,February,2027
2027/02/20,20,February,2027
2027/02/21,21,February,2027
2027/02/22,22,February,2027
2027/02/23,23,February,2027
2027/02/24,24,February,2027
2027/02/25,25,February,2027
2027/02/26,26,February,2027
2027/02/27,27,February,2027
2027/02/28,28,February,2027
2027/03/01,1,March,2027
2027/03/02,2,March,2027
2027/03/03,3,March,2027
2027/03/04,4,March,2027
2027/03/05,5,March,2027
2027/03/06,6,March,2027
2027/03/07,7,March,2027
2027/03/08,8,March,2027
2027/03/09,9,March,2027
2027/03/10,10,March,2027
2027/03/11,11,March,2027
2027/03/12,12,March,2027
2027/03/13,13,March,2027
2027/03/14,14,March,2027
2027/03/15,15,March,2027
2027/03/16,16,March,2027
2027/03/17,17,March,2027
2027/03/18,18,March,2027
2027/03/19,19,March,2027
2027/03/20,20,March,2027
2027/03/21,21,March,2027
2027/03/22,22,March,2027
2027/03/23,23,March,2027
2027/03/24,24,March,2027
2027/03/25,25,March,2027
2027/03/26,26,March,2027
2027/03/27,27,March,2027
2027/03/28,28,March,2027
2027/03/29,29,March,2027
2027/03/30,30,March,2027
2027/03/31,31,March,2027
2027/04/01,1,April,2027
2027/04/02,2,April,2027
2027/04/03,3,April,2027
2027/04/04,4,April,2027
2027/04/05,5,April,2027
2027/04/06,6,April,2027
2027/04/07,7,April,2027
2027/04/08,8,April,2027
2027/04/09,9,April,2027
2027/04/10,10,April,2027
2027/04/11,11,April,2027
2027/04/12,12,April,2027
2027/04/13,13,April,2027
2027/04/14,14,April,2027
2027/04/15,15,April,2027
2027/04/16,16,April,2027
2027/04/17,17,April,2027
2027/04/18,18,April,2027
2027/04/19,19,April,2027
2027/04/20,20,April,2027
2027/04/21,21,April,2027
2027/04/22,22,April,2027
2027/04/23,23,April,2027
2027/04/24,24,April,2027
2027/04/25,25,April,2027
2027/04/26,26,April,2027
2027/04/27,27,April,2027
2027/04/28,28,April,2027
2027/04/29,29,April,2027
2027/04/30,30,April,2027
2027/05/01,1,May,2027
2027/05/02,2,May,2027
2027/05/03,3,May,2027
2027/05/04,4,May,2027
2027/05/05,5,May,2027
2027/05/06,6,May,2027
2027/05/07,7,May,2027
2027/05/08,8,May,2027
2027/05/09,9,May,2027
2027/05/10,10,May,2027
2027/05/11,11,May,2027
2027/05/12,12,May,2027
2027/05/13,13,May,2027
2027/05/14,14,May,2027
2027/05/15,15,May,2027
2027/05/16,16,May,2027
2027/05/17,17,May,2027
2027/05/18,18,May,2027
2027/05/19,19,May,2027
2027/05/20,20,May,2027
2027/05/21,21,May,2027
2027/05/22,22,May,2027
2027/05/23,23,May,2027
2027/05/24,24,May,2027
2027/05/25,25,May,2027
2027/05/26,26,May,2027
2027/05/27,27,May,2027
2027/05/28,28,May,2027
2027/05/29,29,May,2027
2027/05/30,30,May,2027
2027/05/31,31,May,2027
2027/06/01,1,June,2027
2027/06/02,2,June,2027
2027/06/03,3,June,2027
2027/06/04,4,June,2027
2027/06/05,5,June,2027
2027/06/06,6,June,2027
2027/06/07,7,June,2027
2027/06/08,8,June,2027
2027/06/09,9,June,2027
2027/06/10,10,June,2027
2027/06/11,11,June,2027
2027/06/12,12,June,2027
2027/06/13,13,June,2027
2027/06/14,14,June,2027
2027/06/15,15,June,2027
2027/06/16,16,June,2027
2027/06/17,17,June,2027
2027/06/18,18,June,2027
2027/06/19,19,June,2027
2027/06/20,20,June,2027
2027/06/21,21,June,2027
2027/06/22,22,June,2027
2027/06/23,23,June,2027
2027/06/24,24,June,2027
2027/06/25,25,June,2027
2027/06/26,26,June,2027
2027/06/27,27,June,2027
2027/06/28,28,June,2027
2027/06/29,29,June,2027
2027/06/30,30,June,2027
2027/07/01,1,July,2027
2027/07/02,2,July,2027
2027/07/03,3,July,2027
2027/07/04,4,July,2027
2027/07/05,5,July,2027
2027/07/06,6,July,2027
2027/07/07,7,July,2027
2027/07/08,8,July,2027
2027/07/09,9,July,2027
2027/07/10,10,July,2027
2027/07/11,11,July,2027
2027/07/12,12,July,2027
2027/07/13,13,July,2027
2027/07/14,14,July,2027
2027/07/15,15,July,2027
2027/07/16,16,July,2027
2027/07/17,17,July,2027
2027/07/18,18,July,2027
2027/07/19,19,July,2027
2027/07/20,20,July,2027
2027/07/21,21,July,2027
2027/07/22,22,July,2027
2027/07/23,23,July,2027
2027/07/24,24,July,2027
2027/07/25,25,July,2027
2027/07/26,26,July,2027
2027/07/27,27,July,2027
2027/07/28,28,July,2027
2027/07/29,29,July,2027
2027/07/30,30,July,2027
2027/07/31,31,July,2027
2027/08/01,1,August,2027
2027/08/02,2,August,2027
2027/08/03,3,August,2027
2027/08/04,4,August,2027
2027/08/05,5,August,2027
2027/08/06,6,August,2027
2027/08/07,7,August,2027
2027/08/08,8,August,2027
2027/08/09,9,August,2027
2027/08/10,10,August,2027
2027/08/11,11,August,2027
2027/08/12,12,August,2027
2027/08/13,13,August,2027
2027/08/14,14,August,2027
2027/08/15,15,August,2027
2027/08/16,16,August,2027
2027/08/17,17,August,2027
2027/08/18,18,August,2027
2027/08/19,19,August,2027
2027/08/20,20,August,2027
2027/08/21,21,August,2027
2027/08/22,22,August,2027
2027/08/23,23,August,2027
2027/08/24,24,August,2027
2027/08/25,25,August,2027
2027/08/26,26,August,2027
2027/08/27,27,August,2027
2027/08/28,28,August,2027
2027/08/29,29,August,2027
2027/08/30,30,August,2027
2027/08/31,31,August,2027
2027/09/01,1,September,2027
2027/09/02,2,September,2027
2027/09/03,3,September,2027
2027/09/04,4,September,2027
2027/09/05,5,September,2027
2027/09/06,6,September,2027
2027/09/07,7,September,2027
2027/09/08,8,September,2027
2027/09/09,9,September,2027
2027/09/10,10,September,2027
2027/09/11,11,September,2027
2027/09/12,12,September,2027
2027/09/13,13,September,2027
2027/09/14,14,September,2027
2027/09/15,15,September,2027
2027/09/16,16,September,2027
2027/09/17,17,September,2027
2027/09/18,18,September,2027
2027/09/19,19,September,2027
2027/09/20,20,September,2027
2027/09/21,21,September,2027
2027/09/22,22,September,2027
2027/09/23,23,September,2027
2027/09/24,24,September,2027
2027/09/25,25,September,2027
2027/09/26,26,September,2027
2027/09/27,27,September,2027
2027/09/28,28,September,2027
2027/09/29,29,September,2027
2027/09/30,30,September,2027
2027/10/01,1,October,2027
2027/10/02,2,October,2027
2027/10/03,3,October,2027
2027/10/04,4,October,2027
2027/10/05,5,October,2027
2027/10/06,6,October,2027
2027/10/07,7,October,2027
2027/10/08,8,October,2027
2027/10/09,9,October,2027
2027/10/10,10,October,2027
2027/10/11,11,October,2027
2027/10/12,12,October,2027
2027/10/13,13,October,2027
2027/10/14,14,October,2027
2027/10/15,15,October,2027
2027/10/16,16,October,2027
2027/10/17,17,October,2027
2027/10/18,18,October,2027
2027/10/19,19,October,2027
2027/10/20,20,October,2027
2027/10/21,21,October,2027
2027/10/22,22,October,2027
2027/10/23,23,October,2027
2027/10/24,24,October,2027
2027/10/25,25,October,2027
2027/10/26,26,October,2027
2027/10/27,27,October,2027
2027/10/28,28,October,2027
2027/10/29,29,October,2027
2027/10/30,30,October,2027
2027/10/31,31,October,2027
2027/11/01,1,November,2027
2027/11/02,2,November,2027
2027/11/03,3,November,2027
2027/11/04,4,November,2027
2027/11/05,5,November,2027
2027/11/06,6,November,2027
2027/11/07,7,November,2027
2027/11/08,8,November,2027
2027/11/09,9,November,2027
2027/11/10,10,November,2027
2027/11/11,11,November,2027
2027/11/12,12,November,2027
2027/11/13,13,November,2027
2027/11/14,14,November,2027
2027/11/15,15,November,2027
2027/11/16,16,November,2027
2027/11/17,17,November,2027
2027/11/18,18,November,2027
2027/11/19,19,November,2027
2027/11/20,20,November,2027
2027/11/21,21,November,2027
2027/11/22,22,November,2027
2027/11/23,23,November,2027
2027/11/24,24,November,2027
2027/11/25,25,November,2027
2027/11/26,26,November,2027
2027/11/27,27,November,2027
2027/11/28,28,November,2027
2027/11/29,29,November,2027
2027/11/30,30,November,2027
2027/12/01,1,December,2027
2027/12/02,2,December,2027
2027/12/03,3,December,2027
2027/12/04,4,December,2027
2027/12/05,5,December,2027
2027/12/06,6,December,2027
2027/12/07,7,December,2027
2027/12/08,8,December,2027
2027/12/09,9,December,2027
2027/12/10,10,December,2027
2027/12/11,11,December,2027
2027/12/12,12,December,2027
2027/12/13,13,December,2027
2027/12/14,14,December,2027
2027/12/15,15,December,2027
2027/12/16,16,December,2027
2027/12/17,17,December,2027
2027/12/18,18,December,2027
2027/12/19,19,December,2027
2027/12/20,20,December,2027
2027/12/21,21,December,2027
2027/12/22,22,December,2027
2027/12/23,23,December,2027
2027/12/24,24,December,2027
2027/12/25,25,December,2027
2027/12/26,26,December,2027
2027/12/27,27,December,2027
2027/12/28,28,December,2027
2027/12/29,29,December,2027
2027/12/30,30,December,2027
2027/12/31,31,December,2027
